0001|नमस्कार, म सागर बोल्दै छु।|नमस्कार, म सागर बोल्दै छु।
0002|नमस्ते, म सागर, तपाईंलाई कसरी सहयोग गर्न सक्छु?|नमस्ते, म सागर, तपाईंलाई कसरी सहयोग गर्न सक्छु?
0003|हजुर, म सागर बोल्दै छु, भन्नुहोस् न।|हजुर, म सागर बोल्दै छु, भन्नुहोस् न।
0004|म सागर, तपाईंको कुरा सुन्दै छु।|म सागर, तपाईंको कुरा सुन्दै छु।
0005|नमस्ते, तपाईंलाई कसरी सहयोग गर्न सक्छु?|नमस्ते, तपाईंलाई कसरी सहयोग गर्न सक्छु?
0006|हजुर, भन्नुहोस् न।|हजुर, भन्नुहोस् न।
0007|नमस्कार हजुर, हाम्रो शोरुममा स्वागत छ।|नमस्कार हजुर, हाम्रो शोरुममा स्वागत छ।
0008|तपाईंलाई आजको दिन कस्तो छ?|तपाईंलाई आजको दिन कस्तो छ?
0009|म तपाईंको कुरा सुन्दै छु, भन्नुहोस्।|म तपाईंको कुरा सुन्दै छु, भन्नुहोस्।
0010|कृपया एकछिन पर्खनुहोस्।|कृपया एकछिन पर्खनुहोस्।
0011|धन्यवाद, तपाईंले फोन गर्नुभयो।|धन्यवाद, तपाईंले फोन गर्नुभयो।
0012|तपाईंको नाम के हो?|तपाईंको नाम के हो?
0013|कृपया तपाईंको नाम भन्नुहोस्।|कृपया तपाईंको नाम भन्नुहोस्।
0014|तपाईंको फोन नम्बर कति हो?|तपाईंको फोन नम्बर कति हो?
0015|म तपाईंको नम्बर एकपटक दोहोर्‍याउँछु।|म तपाईंको नम्बर एकपटक दोहोर्‍याउँछु।
0016|तपाईं कुन ठाउँबाट बोल्दै हुनुहुन्छ?|तपाईं कुन ठाउँबाट बोल्दै हुनुहुन्छ?
0017|तपाईंलाई कुन मोडेल मन पर्‍यो?|तपाईंलाई कुन मोडेल मन पर्‍यो?
0018|तपाईंको बजेट कति सम्म छ?|तपाईंको बजेट कति सम्म छ?
0019|तपाईं कहिलेसम्म किन्ने योजनामा हुनुहुन्छ?|तपाईं कहिलेसम्म किन्ने योजनामा हुनुहुन्छ?
0020|तपाईंलाई कुन रङ मन पर्छ?|तपाईंलाई कुन रङ मन पर्छ?
0021|अहिले तपाईंसँग कुनै गाडी छ?|अहिले तपाईंसँग कुनै गाडी छ?
0022|मैले सही सुनें कि सुनिनँ, एकपटक भन्नुहोस्।|मैले सही सुनें कि सुनिनँ, एकपटक भन्नुहोस्।
0023|तपाईंको नाम रमेश हो, ठीक छ?|तपाईंको नाम रमेश हो, ठीक छ?
0024|तपाईंको नम्बर नौ आठ चार एक दुई तीन चार पाँच छ, ठीक छ?|तपाईंको नम्बर नौ आठ चार एक दुई तीन चार पाँच छ, ठीक छ?
0025|म फेरि एकपटक सोध्छु।|म फेरि एकपटक सोध्छु।
0026|माफ गर्नुहोस्, मैले राम्ररी सुनिनँ।|माफ गर्नुहोस्, मैले राम्ररी सुनिनँ।
0027|कृपया अलि बिस्तारै भन्नुहोस्।|कृपया अलि बिस्तारै भन्नुहोस्।
0028|हजुर, बुझें।|हजुर, बुझें।
0029|ठीक छ, मैले नोट गरें।|ठीक छ, मैले नोट गरें।
0030|एक, दुई, तीन, चार, पाँच।|एक, दुई, तीन, चार, पाँच।
0031|छ, सात, आठ, नौ, दश।|छ, सात, आठ, नौ, दश।
0032|पैँतालीस हजार रुपैयाँ।|पैँतालीस हजार रुपैयाँ।
0033|साठी हजार रुपैयाँ।|साठी हजार रुपैयाँ।
0034|सत्तरी हजार रुपैयाँ।|सत्तरी हजार रुपैयाँ।
0035|एक लाख रुपैयाँ।|एक लाख रुपैयाँ।
0036|यसको मूल्य पचहत्तर हजार रुपैयाँ हो।|यसको मूल्य पचहत्तर हजार रुपैयाँ हो।
0037|छ महिनाको इन्जिन वारेन्टी छ।|छ महिनाको इन्जिन वारेन्टी छ।
0038|नि:शुल्क सर्भिसिङ पनि छ।|नि:शुल्क सर्भिसिङ पनि छ।
0039|हेल्मेट पनि सँगै दिन्छौं।|हेल्मेट पनि सँगै दिन्छौं।
0040|हामीसँग बाइक र स्कुटर दुवै छन्।|हामीसँग बाइक र स्कुटर दुवै छन्।
0041|स्कुटरमा ग्राजिया, एभिएटर र अप्रिलिया छन्।|स्कुटरमा ग्राजिया, एभिएटर र अप्रिलिया छन्।
0042|बाइकमा एक्स-पल्स, पल्सर र स्प्लेन्डर छन्।|बाइकमा एक्स-पल्स, पल्सर र स्प्लेन्डर छन्।
0043|बाइक पैँतालीस हजारदेखि सुरु हुन्छ।|बाइक पैँतालीस हजारदेखि सुरु हुन्छ।
0044|स्कुटर साठी हजारदेखि सुरु हुन्छ।|स्कुटर साठी हजारदेखि सुरु हुन्छ।
0045|तपाईं शोरुममा आएर हेर्न सक्नुहुन्छ।|तपाईं शोरुममा आएर हेर्न सक्नुहुन्छ।
0046|हाम्रो शोरुम काठमाडौंमा छ।|हाम्रो शोरुम काठमाडौंमा छ।
0048|ट्रायल राइड लिन मिल्छ।|ट्रायल राइड लिन मिल्छ।
0049|तपाईं कहिले आउन सक्नुहुन्छ?|तपाईं कहिले आउन सक्नुहुन्छ?
0050|भोलि बिहान मिल्छ?|भोलि बिहान मिल्छ?
0051|हाम्रो टोलीले तपाईंलाई छिट्टै फोन गर्नेछ।|हाम्रो टोलीले तपाईंलाई छिट्टै फोन गर्नेछ।
0052|म तपाईंको विवरण पठाइदिन्छु।|म तपाईंको विवरण पठाइदिन्छु।
0053|कुनै प्रश्न भए फेरि फोन गर्नुहोला।|कुनै प्रश्न भए फेरि फोन गर्नुहोला।
0054|म एउटा एआई सहायक हुँ।|म एउटा एआई सहायक हुँ।
0055|चाहनुहुन्छ भने म मान्छेसँग कुरा गराइदिन्छु।|चाहनुहुन्छ भने म मान्छेसँग कुरा गराइदिन्छु।
0056|मलाई त्यो कुरा थाहा भएन, सहकर्मीले पक्का गर्नुहुनेछ।|मलाई त्यो कुरा थाहा भएन, सहकर्मीले पक्का गर्नुहुनेछ।
0057|ठीक छ, कुनै समस्या छैन।|ठीक छ, कुनै समस्या छैन।
0058|धन्यवाद, तपाईंको दिन शुभ रहोस्।|धन्यवाद, तपाईंको दिन शुभ रहोस्।
0059|नमस्कार, फेरि भेटौंला।|नमस्कार, फेरि भेटौंला।
0060|आज मौसम एकदमै राम्रो छ।|आज मौसम एकदमै राम्रो छ।
0061|मलाई पानी खान मन लाग्यो।|मलाई पानी खान मन लाग्यो।
0062|उहाँ हिजो काठमाडौं जानुभयो।|उहाँ हिजो काठमाडौं जानुभयो।
0063|यो किताब निकै रोचक छ।|यो किताब निकै रोचक छ।
0064|बिहान सबेरै उठ्नु राम्रो हो।|बिहान सबेरै उठ्नु राम्रो हो।
0065|बजारमा भिडभाड धेरै थियो।|बजारमा भिडभाड धेरै थियो।
0066|मेरो घर नजिकै एउटा पसल छ।|मेरो घर नजिकै एउटा पसल छ।
0047|नमस्कार, हाम्रो जी एन्ड जी अटो इन्टरप्राइजेजमा तपाईंलाई स्वागत छ।|नमस्कार, हाम्रो जी एन्ड जी अटो इन्टरप्राइजेजमा तपाईंलाई स्वागत छ।
0067|नमस्कार, हाम्रो जी एन्ड जी अटो इन्टरप्राइजेजमा स्वागत छ, म सागर बोल्दै छु, तपाईंलाई कसरी सहयोग गर्न सक्छु?|नमस्कार, हाम्रो जी एन्ड जी अटो इन्टरप्राइजेजमा स्वागत छ, म सागर बोल्दै छु, तपाईंलाई कसरी सहयोग गर्न सक्छु?
0068|हाम्रो जी एन्ड जी अटो इन्टरप्राइजेजमा फोन गर्नुभएकोमा धन्यवाद।|हाम्रो जी एन्ड जी अटो इन्टरप्राइजेजमा फोन गर्नुभएकोमा धन्यवाद।
0069|हामी काठमाडौंको गोठाटारमा रहेको सेकेन्ड ह्यान्ड बाइक र स्कुटरको सोरुम हौं।|हामी काठमाडौंको गोठाटारमा रहेको सेकेन्ड ह्यान्ड बाइक र स्कुटरको सोरुम हौं।
0070|हामी रिकन्डिसन गरिएका बाइक र स्कुटर बेच्ने, किन्ने र साटासाट गर्ने काम गर्छौं।|हामी रिकन्डिसन गरिएका बाइक र स्कुटर बेच्ने, किन्ने र साटासाट गर्ने काम गर्छौं।
0071|हामी सबै प्रमुख कम्पनीका सेकेन्ड ह्यान्ड बाइक र स्कुटर किन्ने, बेच्ने र साटासाट गर्ने काम गर्छौं।|हामी सबै प्रमुख कम्पनीका सेकेन्ड ह्यान्ड बाइक र स्कुटर किन्ने, बेच्ने र साटासाट गर्ने काम गर्छौं।
0072|तपाईं बाइक वा स्कुटरको बारेमा सोध्न चाहनुहुन्छ?|तपाईं बाइक वा स्कुटरको बारेमा सोध्न चाहनुहुन्छ?
0073|हजुर, म तपाईंलाई बाइक र स्कुटरको बारेमा जानकारी दिन सक्छु।|हजुर, म तपाईंलाई बाइक र स्कुटरको बारेमा जानकारी दिन सक्छु।
0074|तपाईं बाइक वा स्कुटर किन्न चाहनुहुन्छ, बेच्न चाहनुहुन्छ कि साटासाट गर्न?|तपाईं बाइक वा स्कुटर किन्न चाहनुहुन्छ, बेच्न चाहनुहुन्छ कि साटासाट गर्न?
0075|तपाईं आफ्नो पुरानो गाडी बेच्न चाहनुहुन्छ?|तपाईं आफ्नो पुरानो गाडी बेच्न चाहनुहुन्छ?
0076|तपाईं पुरानो गाडी दिएर अर्को गाडी लिन चाहनुहुन्छ?|तपाईं पुरानो गाडी दिएर अर्को गाडी लिन चाहनुहुन्छ?
0077|तपाईं सेकेन्ड ह्यान्ड बाइक किन्न खोज्दै हुनुहुन्छ?|तपाईं सेकेन्ड ह्यान्ड बाइक किन्न खोज्दै हुनुहुन्छ?
0078|तपाईं सेकेन्ड ह्यान्ड स्कुटर किन्न खोज्दै हुनुहुन्छ?|तपाईं सेकेन्ड ह्यान्ड स्कुटर किन्न खोज्दै हुनुहुन्छ?
0079|तपाईं बाइक हेर्दै हुनुहुन्छ कि स्कुटर?|तपाईं बाइक हेर्दै हुनुहुन्छ कि स्कुटर?
0080|तपाईंलाई कुन कम्पनीको बाइक वा स्कुटर चाहिएको हो?|तपाईंलाई कुन कम्पनीको बाइक वा स्कुटर चाहिएको हो?
0081|तपाईंले कुन मोडेलको बारेमा सोध्न खोज्नुभएको हो?|तपाईंले कुन मोडेलको बारेमा सोध्न खोज्नुभएको हो?
0082|कुन सालको गाडी हेर्दै हुनुहुन्छ?|कुन सालको गाडी हेर्दै हुनुहुन्छ?
0083|तपाईं होन्डाको स्कुटर हेर्दै हुनुहुन्छ?|तपाईं होन्डाको स्कुटर हेर्दै हुनुहुन्छ?
0084|तपाईंले बजाज पल्सरको बारेमा सोध्नुभएको हो?|तपाईंले बजाज पल्सरको बारेमा सोध्नुभएको हो?
0085|तपाईं यामाहा एफजेड हेर्दै हुनुहुन्छ?|तपाईं यामाहा एफजेड हेर्दै हुनुहुन्छ?
0086|तपाईंलाई हिरो स्प्लेन्डरको बारेमा जानकारी चाहिएको हो?|तपाईंलाई हिरो स्प्लेन्डरको बारेमा जानकारी चाहिएको हो?
0087|तपाईं टीभीएस अपाचे हेर्दै हुनुहुन्छ?|तपाईं टीभीएस अपाचे हेर्दै हुनुहुन्छ?
0088|तपाईंले सुजुकी एक्सेस वा होन्डा एक्टिभाको बारेमा भन्नुभएको हो?|तपाईंले सुजुकी एक्सेस वा होन्डा एक्टिभाको बारेमा भन्नुभएको हो?
0089|तपाईं रोयल एनफिल्ड क्लासिक हेर्दै हुनुहुन्छ?|तपाईं रोयल एनफिल्ड क्लासिक हेर्दै हुनुहुन्छ?
0090|तपाईंले भन्नुभएको मोडेल मैले नोट गरें, ठीक छ?|तपाईंले भन्नुभएको मोडेल मैले नोट गरें, ठीक छ?
0091|तपाईंको बजेट कति सम्मको छ?|तपाईंको बजेट कति सम्मको छ?
0092|तपाईंको अनुमानित बजेट कति हो?|तपाईंको अनुमानित बजेट कति हो?
0093|तपाईं कति रुपैयाँसम्म खर्च गर्न सक्नुहुन्छ?|तपाईं कति रुपैयाँसम्म खर्च गर्न सक्नुहुन्छ?
0094|बेच्ने भए तपाईंले कति रुपैयाँ पाउने आशा गर्नुभएको छ?|बेच्ने भए तपाईंले कति रुपैयाँ पाउने आशा गर्नुभएको छ?
0095|तपाईंको बजेट एक लाख पचास हजार रुपैयाँसम्म हो, ठीक छ?|तपाईंको बजेट एक लाख पचास हजार रुपैयाँसम्म हो, ठीक छ?
0096|तपाईं दुई लाख रुपैयाँ वरिपरिको गाडी खोज्दै हुनुहुन्छ?|तपाईं दुई लाख रुपैयाँ वरिपरिको गाडी खोज्दै हुनुहुन्छ?
0097|तपाईंले अस्सी हजार रुपैयाँ अपेक्षा गर्नुभएको हो, ठीक छ?|तपाईंले अस्सी हजार रुपैयाँ अपेक्षा गर्नुभएको हो, ठीक छ?
0098|तपाईंको बजेट तीन लाख पचास हजार रुपैयाँसम्म हो, ठीक छ?|तपाईंको बजेट तीन लाख पचास हजार रुपैयाँसम्म हो, ठीक छ?
0099|तपाईं पचास हजारदेखि एक लाखको बीचमा हेर्दै हुनुहुन्छ?|तपाईं पचास हजारदेखि एक लाखको बीचमा हेर्दै हुनुहुन्छ?
0100|गाडीको मूल्य कम्पनी, मोडेल, उत्पादन साल र अवस्था हेरेर फरक पर्छ।|गाडीको मूल्य कम्पनी, मोडेल, उत्पादन साल र अवस्था हेरेर फरक पर्छ।
0101|हामी उचित बजार मूल्य दिने कोसिस गर्छौं।|हामी उचित बजार मूल्य दिने कोसिस गर्छौं।
0102|सही मूल्य गाडी हेरेपछि मात्र भन्न सकिन्छ।|सही मूल्य गाडी हेरेपछि मात्र भन्न सकिन्छ।
0103|मूल्यको बारेमा हाम्रो साथीले तपाईंलाई पक्का गरेर भन्नुहुनेछ।|मूल्यको बारेमा हाम्रो साथीले तपाईंलाई पक्का गरेर भन्नुहुनेछ।
0104|तपाईंको गाडी कुन कम्पनीको हो?|तपाईंको गाडी कुन कम्पनीको हो?
0105|तपाईंको गाडीको मोडेल के हो?|तपाईंको गाडीको मोडेल के हो?
0106|तपाईंको गाडी कुन सालको हो?|तपाईंको गाडी कुन सालको हो?
0107|तपाईंको गाडी कति किलोमिटर चलेको छ?|तपाईंको गाडी कति किलोमिटर चलेको छ?
0108|तपाईंको गाडी अहिले कस्तो अवस्थामा छ?|तपाईंको गाडी अहिले कस्तो अवस्थामा छ?
0109|तपाईंको गाडीको कागजपत्र पूरा छ?|तपाईंको गाडीको कागजपत्र पूरा छ?
0110|तपाईंसँग गाडीको ब्लु बुक छ?|तपाईंसँग गाडीको ब्लु बुक छ?
0111|तपाईंको गाडी अहिले कहाँ छ?|तपाईंको गाडी अहिले कहाँ छ?
0112|तपाईं गाडी सोरुममा ल्याउन सक्नुहुन्छ?|तपाईं गाडी सोरुममा ल्याउन सक्नुहुन्छ?
0113|गाडी हेरेपछि हामी उचित मूल्य भन्नेछौं।|गाडी हेरेपछि हामी उचित मूल्य भन्नेछौं।
0114|साटासाटको लागि तपाईंको पुरानो गाडीको अवस्था हेर्नुपर्छ।|साटासाटको लागि तपाईंको पुरानो गाडीको अवस्था हेर्नुपर्छ।
0115|हाम्रो सोरुम गोठाटारमा, पहिलो पुल नजिकै छ।|हाम्रो सोरुम गोठाटारमा, पहिलो पुल नजिकै छ।
0116|हाम्रो सोरुम काठमाडौंको गोठाटारमा पर्छ।|हाम्रो सोरुम काठमाडौंको गोठाटारमा पर्छ।
0117|सोरुम सामान्यतया आइतबारदेखि शुक्रबारसम्म खुल्छ।|सोरुम सामान्यतया आइतबारदेखि शुक्रबारसम्म खुल्छ।
0118|सोरुम बिहान नौ बजेदेखि साँझ छ बजेसम्म खुल्छ।|सोरुम बिहान नौ बजेदेखि साँझ छ बजेसम्म खुल्छ।
0119|हाम्रो सोरुम आइतबारदेखि शुक्रबारसम्म, बिहान नौ बजेदेखि साँझ छ बजेसम्म खुल्छ।|हाम्रो सोरुम आइतबारदेखि शुक्रबारसम्म, बिहान नौ बजेदेखि साँझ छ बजेसम्म खुल्छ।
0120|तपाईं कुन दिन सोरुममा आउन सक्नुहुन्छ?|तपाईं कुन दिन सोरुममा आउन सक्नुहुन्छ?
0121|तपाईं आज आउन सक्नुहुन्छ कि भोलि?|तपाईं आज आउन सक्नुहुन्छ कि भोलि?
0122|तपाईं बिहान आउनुहुन्छ कि दिउँसो?|तपाईं बिहान आउनुहुन्छ कि दिउँसो?
0123|तपाईंलाई कुन समय सजिलो पर्छ?|तपाईंलाई कुन समय सजिलो पर्छ?
0124|भोलि बिहान दश बजे तपाईंलाई मिल्छ?|भोलि बिहान दश बजे तपाईंलाई मिल्छ?
0125|आइतबार दिउँसो तपाईंलाई मिल्छ?|आइतबार दिउँसो तपाईंलाई मिल्छ?
0126|हामी तपाईंलाई सोरुममा पर्खिरहेका हुनेछौं।|हामी तपाईंलाई सोरुममा पर्खिरहेका हुनेछौं।
0127|तपाईंको नाम चन्दन हो, ठीक छ?|तपाईंको नाम चन्दन हो, ठीक छ?
0128|तपाईंको नाम सुनिता श्रेष्ठ हो, ठीक छ?|तपाईंको नाम सुनिता श्रेष्ठ हो, ठीक छ?
0129|तपाईंको नाम राजेश थापा हो, ठीक छ?|तपाईंको नाम राजेश थापा हो, ठीक छ?
0130|तपाईंको नाम विक्रम गुरुङ हो, ठीक छ?|तपाईंको नाम विक्रम गुरुङ हो, ठीक छ?
0131|तपाईंको नाम अनिता तामाङ हो, ठीक छ?|तपाईंको नाम अनिता तामाङ हो, ठीक छ?
0132|पहिलो पाँच अङ्क भन्नुहोस्, म एकपटक फेरि भन्छु।|पहिलो पाँच अङ्क भन्नुहोस्, म एकपटक फेरि भन्छु।
0133|अब बाँकी पाँच अङ्क भन्नुहोस्।|अब बाँकी पाँच अङ्क भन्नुहोस्।
0134|तपाईंको नम्बर नौ सात चार शून्य एक दुई, ठीक छ?|तपाईंको नम्बर नौ सात चार शून्य एक दुई, ठीक छ?
0135|तपाईंको नम्बर नौ आठ शून्य एक तीन सात चार पाँच आठ दुई, ठीक छ?|तपाईंको नम्बर नौ आठ शून्य एक तीन सात चार पाँच आठ दुई, ठीक छ?
0136|तपाईंले फोन गर्नुभएको यही नम्बरमा हाम्रो टिमले सम्पर्क गरे हुन्छ?|तपाईंले फोन गर्नुभएको यही नम्बरमा हाम्रो टिमले सम्पर्क गरे हुन्छ?
0137|यो नम्बर ठीक छ कि अर्को नम्बरमा फोन गरौं?|यो नम्बर ठीक छ कि अर्को नम्बरमा फोन गरौं?
0138|म तपाईंको विवरण हाम्रो टिमलाई पठाउँछु।|म तपाईंको विवरण हाम्रो टिमलाई पठाउँछु।
0139|हाम्रो टिमले तपाईंलाई छिट्टै फोन गर्नेछ।|हाम्रो टिमले तपाईंलाई छिट्टै फोन गर्नेछ।
0140|चाहनुहुन्छ भने म तपाईंलाई हाम्रो साथीसँग जोडिदिन सक्छु।|चाहनुहुन्छ भने म तपाईंलाई हाम्रो साथीसँग जोडिदिन सक्छु।
0141|तपाईं अहिले नै हाम्रो साथीसँग कुरा गर्न चाहनुहुन्छ?|तपाईं अहिले नै हाम्रो साथीसँग कुरा गर्न चाहनुहुन्छ?
0142|यस विषयमा हाम्रो सोरुमका साथीले तपाईंलाई राम्ररी बुझाइदिनुहुनेछ।|यस विषयमा हाम्रो सोरुमका साथीले तपाईंलाई राम्ररी बुझाइदिनुहुनेछ।
0143|म तपाईंको नाम, नम्बर र चाहिएको गाडीको विवरण हाम्रो टिमलाई पठाइदिन्छु।|म तपाईंको नाम, नम्बर र चाहिएको गाडीको विवरण हाम्रो टिमलाई पठाइदिन्छु।
0144|धन्यवाद, हाम्रो जी एन्ड जी अटो इन्टरप्राइजेजमा आउनुहोला।|धन्यवाद, हाम्रो जी एन्ड जी अटो इन्टरप्राइजेजमा आउनुहोला।
0145|तपाईंको दिन शुभ रहोस्।|तपाईंको दिन शुभ रहोस्।
0146|फेरि कुनै जानकारी चाहिएमा फोन गर्नुहोला।|फेरि कुनै जानकारी चाहिएमा फोन गर्नुहोला।
0147|ठीक छ, अहिले चाहिएको छैन भने कुनै समस्या छैन।|ठीक छ, अहिले चाहिएको छैन भने कुनै समस्या छैन।
0148|जब चाहिन्छ, बाइक वा स्कुटरको लागि हामीलाई सम्झनुहोला।|जब चाहिन्छ, बाइक वा स्कुटरको लागि हामीलाई सम्झनुहोला।
0149|तपाईंले बताउनुभएको कुरा मैले नोट गरेको छु।|तपाईंले बताउनुभएको कुरा मैले नोट गरेको छु।
0150|म एआई सहायक हुँ, तर हाम्रो टिमले तपाईंलाई मद्दत गर्नेछ।|म एआई सहायक हुँ, तर हाम्रो टिमले तपाईंलाई मद्दत गर्नेछ।
0151|तपाईं बाइक वा स्कुटर किन्न, बेच्न वा साटासाट गर्न चाहनुहुन्छ भने हामी तपाईंलाई मद्दत गर्न सक्छौं।|तपाईं बाइक वा स्कुटर किन्न, बेच्न वा साटासाट गर्न चाहनुहुन्छ भने हामी तपाईंलाई मद्दत गर्न सक्छौं।
0152|गाडीको मूल्य कम्पनी, मोडेल, उत्पादन साल र अवस्था अनुसार फरक हुन्छ, त्यसैले सोरुममा हेर्नु राम्रो हुन्छ।|गाडीको मूल्य कम्पनी, मोडेल, उत्पादन साल र अवस्था अनुसार फरक हुन्छ, त्यसैले सोरुममा हेर्नु राम्रो हुन्छ।
0153|हाम्रो सोरुम गोठाटारमा पहिलो पुल नजिकै छ र आइतबारदेखि शुक्रबारसम्म खुल्छ।|हाम्रो सोरुम गोठाटारमा पहिलो पुल नजिकै छ र आइतबारदेखि शुक्रबारसम्म खुल्छ।
0154|तपाईंको गाडीको कम्पनी, मोडेल, साल र अवस्था बताउनुहोस्, हाम्रो टिमले हेर्नेछ।|तपाईंको गाडीको कम्पनी, मोडेल, साल र अवस्था बताउनुहोस्, हाम्रो टिमले हेर्नेछ।
0155|तपाईंको बजेट र मन पर्ने मोडेल बताउनुभयो भने हाम्रो टिमले तपाईंलाई मिल्ने गाडी देखाउनेछ।|तपाईंको बजेट र मन पर्ने मोडेल बताउनुभयो भने हाम्रो टिमले तपाईंलाई मिल्ने गाडी देखाउनेछ।
0156|तपाईं यामाहा रे जेडआर हेर्दै हुनुहुन्छ?|तपाईं यामाहा रे जेडआर हेर्दै हुनुहुन्छ?
0157|तपाईंले हिरो मेस्ट्रो एजको बारेमा सोध्नुभएको हो?|तपाईंले हिरो मेस्ट्रो एजको बारेमा सोध्नुभएको हो?
0158|तपाईं टीभीएस जुपिटर हेर्दै हुनुहुन्छ?|तपाईं टीभीएस जुपिटर हेर्दै हुनुहुन्छ?
0159|तपाईंलाई बजाज एभेन्जरको बारेमा जानकारी चाहिएको हो?|तपाईंलाई बजाज एभेन्जरको बारेमा जानकारी चाहिएको हो?
0160|तपाईं रोयल एनफिल्ड बुलेट हेर्दै हुनुहुन्छ?|तपाईं रोयल एनफिल्ड बुलेट हेर्दै हुनुहुन्छ?
0161|तपाईंले होन्डा डियोको बारेमा भन्नुभएको हो?|तपाईंले होन्डा डियोको बारेमा भन्नुभएको हो?
0162|तपाईं सुजुकी जिक्सर हेर्दै हुनुहुन्छ?|तपाईं सुजुकी जिक्सर हेर्दै हुनुहुन्छ?
0163|तपाईंलाई हिरो एक्स्ट्रिमको बारेमा जानकारी चाहिएको हो?|तपाईंलाई हिरो एक्स्ट्रिमको बारेमा जानकारी चाहिएको हो?
0164|तपाईं बजाज प्लेटिनासम्म हेर्दै हुनुहुन्छ?|तपाईं बजाज प्लेटिनासम्म हेर्दै हुनुहुन्छ?
0165|तपाईंले यामाहा फेसिनोको बारेमा सोध्नुभएको हो?|तपाईंले यामाहा फेसिनोको बारेमा सोध्नुभएको हो?
0166|गाडीको इन्जिन र ब्रेक हामी राम्ररी जाँच गरेर मात्र बेच्छौं।|गाडीको इन्जिन र ब्रेक हामी राम्ररी जाँच गरेर मात्र बेच्छौं।
0167|गाडीमा कुनै ठूलो धक्का वा दुर्घटनाको इतिहास छ कि छैन, बताउनुहोस्।|गाडीमा कुनै ठूलो धक्का वा दुर्घटनाको इतिहास छ कि छैन, बताउनुहोस्।
0168|टायरको अवस्था कस्तो छ?|टायरको अवस्था कस्तो छ?
0169|ब्याट्री कति पुरानो छ?|ब्याट्री कति पुरानो छ?
0170|गाडीको सर्भिस रेकर्ड तपाईंसँग छ?|गाडीको सर्भिस रेकर्ड तपाईंसँग छ?
0171|गाडी नियमित रूपमा सर्भिस गराइएको छ?|गाडी नियमित रूपमा सर्भिस गराइएको छ?
0172|गाडीमा कुनै खरोंच वा डेन्ट छ भने बताउनुहोस्।|गाडीमा कुनै खरोंच वा डेन्ट छ भने बताउनुहोस्।
0173|इन्जिनको आवाज सामान्य छ कि केही समस्या छ?|इन्जिनको आवाज सामान्य छ कि केही समस्या छ?
0174|गाडी हेर्दा हामी सबै भाग राम्ररी जाँच गर्छौं।|गाडी हेर्दा हामी सबै भाग राम्ररी जाँच गर्छौं।
0175|अवस्था अनुसार नै मूल्य तय हुन्छ।|अवस्था अनुसार नै मूल्य तय हुन्छ।
0176|गाडीको ब्लु बुक अद्यावधिक छ?|गाडीको ब्लु बुक अद्यावधिक छ?
0177|गाडीको कर तिरिएको छ?|गाडीको कर तिरिएको छ?
0178|गाडीको बिमा अझै बाँकी छ कि सकिएको छ?|गाडीको बिमा अझै बाँकी छ कि सकिएको छ?
0179|स्वामित्व सार्ने प्रक्रिया हामीले नै मिलाइदिन्छौं।|स्वामित्व सार्ने प्रक्रिया हामीले नै मिलाइदिन्छौं।
0180|तपाईंले मूल कागजपत्र सोरुममा ल्याउनुपर्छ।|तपाईंले मूल कागजपत्र सोरुममा ल्याउनुपर्छ।
0181|नागरिकताको प्रतिलिपि पनि ल्याउनुहोला।|नागरिकताको प्रतिलिपि पनि ल्याउनुहोला।
0182|हामी स्वामित्व सार्ने काम छिटो गरिदिन्छौं।|हामी स्वामित्व सार्ने काम छिटो गरिदिन्छौं।
0183|भुक्तानी नगदमा गर्नुहुन्छ कि बैंकबाट?|भुक्तानी नगदमा गर्नुहुन्छ कि बैंकबाट?
0184|तपाईंले केही रकम बुकिङको लागि अग्रिम राख्न सक्नुहुन्छ।|तपाईंले केही रकम बुकिङको लागि अग्रिम राख्न सक्नुहुन्छ।
0185|बाँकी रकम गाडी लैजाँदा तिर्नुपर्छ।|बाँकी रकम गाडी लैजाँदा तिर्नुपर्छ।
0186|बैंक ट्रान्सफर मार्फत पनि भुक्तानी लिन्छौं।|बैंक ट्रान्सफर मार्फत पनि भुक्तानी लिन्छौं।
0187|बुकिङ रकम राख्नुभएपछि गाडी सुरक्षित हुन्छ।|बुकिङ रकम राख्नुभएपछि गाडी सुरक्षित हुन्छ।
0188|पूरा रकम नबुझाई गाडी लैजान मिल्दैन।|पूरा रकम नबुझाई गाडी लैजान मिल्दैन।
0189|भुक्तानीको विवरण हामी तपाईंलाई पठाइदिन्छौं।|भुक्तानीको विवरण हामी तपाईंलाई पठाइदिन्छौं।
0190|यो हाम्रो अन्तिम मूल्य हो।|यो हाम्रो अन्तिम मूल्य हो।
0191|अलिकति छुट दिन सकिन्छ, तर धेरै होइन।|अलिकति छुट दिन सकिन्छ, तर धेरै होइन।
0192|मूल्यमा अलि लचकता छ, गाडी हेरेपछि कुरा गरौं।|मूल्यमा अलि लचकता छ, गाडी हेरेपछि कुरा गरौं।
0193|मूल्य निश्चित छ, धेरै मोलमोलाइ हुँदैन।|मूल्य निश्चित छ, धेरै मोलमोलाइ हुँदैन।
0194|राम्रो ग्राहकलाई हामी उचित मूल्य दिन्छौं।|राम्रो ग्राहकलाई हामी उचित मूल्य दिन्छौं।
0195|तपाईंले सोच्नुभएको मूल्य भन्नुहोस्, हामी हेर्छौं।|तपाईंले सोच्नुभएको मूल्य भन्नुहोस्, हामी हेर्छौं।
0196|यो मूल्यमा हामी सहमत हुन सक्छौं।|यो मूल्यमा हामी सहमत हुन सक्छौं।
0197|तपाईंले हाम्रो विज्ञापनमा देख्नुभएको गाडी अझै उपलब्ध छ।|तपाईंले हाम्रो विज्ञापनमा देख्नुभएको गाडी अझै उपलब्ध छ।
0198|तपाईंले फेसबुकमा देख्नुभएको गाडीको बारेमा सोध्नुभएको हो?|तपाईंले फेसबुकमा देख्नुभएको गाडीको बारेमा सोध्नुभएको हो?
0199|कुन गाडी हो भनेर फोटो वा नम्बर बताउनुहोस्।|कुन गाडी हो भनेर फोटो वा नम्बर बताउनुहोस्।
0200|त्यो गाडी अझै बिक्री भएको छैन।|त्यो गाडी अझै बिक्री भएको छैन।
0201|माफ गर्नुहोस्, त्यो गाडी बिक्री भइसक्यो।|माफ गर्नुहोस्, त्यो गाडी बिक्री भइसक्यो।
0202|तपाईंलाई अहिले फुर्सद छैन भने म पछि फोन गर्छु।|तपाईंलाई अहिले फुर्सद छैन भने म पछि फोन गर्छु।
0203|म तपाईंलाई साँझतिर फोन गर्छु, मिल्छ?|म तपाईंलाई साँझतिर फोन गर्छु, मिल्छ?
0204|तपाईं भोलि दिउँसो फोन गर्न सक्नुहुन्छ?|तपाईं भोलि दिउँसो फोन गर्न सक्नुहुन्छ?
0205|पर्सि आउनुहोस्, त्यतिबेला गाडी तयार हुन्छ।|पर्सि आउनुहोस्, त्यतिबेला गाडी तयार हुन्छ।
0206|मङ्गलबार तपाईंलाई मिल्छ?|मङ्गलबार तपाईंलाई मिल्छ?
0207|शनिबार हामी बन्द हुन्छौं, अर्को दिन आउनुहोस्।|शनिबार हामी बन्द हुन्छौं, अर्को दिन आउनुहोस्।
0208|तपाईं यो हप्ता आउन सक्नुहुन्छ कि अर्को हप्ता?|तपाईं यो हप्ता आउन सक्नुहुन्छ कि अर्को हप्ता?
0209|म तपाईंलाई सम्झना गराउन एकपटक फेरि फोन गर्छु।|म तपाईंलाई सम्झना गराउन एकपटक फेरि फोन गर्छु।
0210|तपाईंको नाम प्रकाश अधिकारी हो, ठीक छ?|तपाईंको नाम प्रकाश अधिकारी हो, ठीक छ?
0211|तपाईंको नाम कृष्णा महर्जान हो, ठीक छ?|तपाईंको नाम कृष्णा महर्जान हो, ठीक छ?
0212|तपाईंको नाम सरिता राई हो, ठीक छ?|तपाईंको नाम सरिता राई हो, ठीक छ?
0213|तपाईंको नाम दीपक कार्की हो, ठीक छ?|तपाईंको नाम दीपक कार्की हो, ठीक छ?
0214|तपाईंको नम्बर नौ छ एक दुई तीन चार पाँच छ सात, ठीक छ?|तपाईंको नम्बर नौ छ एक दुई तीन चार पाँच छ सात, ठीक छ?
0215|तपाईंको नम्बर नौ आठ पाँच शून्य एक दुई तीन चार पाँच, ठीक छ?|तपाईंको नम्बर नौ आठ पाँच शून्य एक दुई तीन चार पाँच, ठीक छ?
0216|तपाईंको नम्बर नौ चार एक दुई तीन शून्य पाँच छ सात, ठीक छ?|तपाईंको नम्बर नौ चार एक दुई तीन शून्य पाँच छ सात, ठीक छ?
0217|यो नम्बरमा हामी सम्पर्क गरौं?|यो नम्बरमा हामी सम्पर्क गरौं?
0218|अर्को कुनै नम्बर छ भने पनि बताउनुहोस्।|अर्को कुनै नम्बर छ भने पनि बताउनुहोस्।
0219|अलि महँगो जस्तो लाग्यो भने पनि म बुझ्छु।|अलि महँगो जस्तो लाग्यो भने पनि म बुझ्छु।
0220|तपाईं अरु ठाउँमा पनि हेर्न सक्नुहुन्छ, कुनै समस्या छैन।|तपाईं अरु ठाउँमा पनि हेर्न सक्नुहुन्छ, कुनै समस्या छैन।
0221|तपाईंलाई सोच्ने समय चाहिन्छ भने ढिलो भए पनि फोन गर्नुहोस्।|तपाईंलाई सोच्ने समय चाहिन्छ भने ढिलो भए पनि फोन गर्नुहोस्।
0222|अहिले निर्णय नगर्नुभए पनि हुन्छ।|अहिले निर्णय नगर्नुभए पनि हुन्छ।
0223|तपाईंलाई मन नपरे हामी अरु विकल्प देखाउँछौं।|तपाईंलाई मन नपरे हामी अरु विकल्प देखाउँछौं।
0224|हामी तपाईंलाई दबाब दिँदैनौं, आफ्नो समयमा सोच्नुहोस्।|हामी तपाईंलाई दबाब दिँदैनौं, आफ्नो समयमा सोच्नुहोस्।
0225|त्यो जानकारी अहिले मसँग छैन, म पत्ता लगाएर भन्छु।|त्यो जानकारी अहिले मसँग छैन, म पत्ता लगाएर भन्छु।
0226|म पक्का भन्न सक्दिन, सहकर्मीले हेरेर बताउनुहुनेछ।|म पक्का भन्न सक्दिन, सहकर्मीले हेरेर बताउनुहुनेछ।
0227|यो विषयमा म तपाईंलाई गलत जानकारी दिन चाहन्न।|यो विषयमा म तपाईंलाई गलत जानकारी दिन चाहन्न।
0228|यो प्रश्नको जवाफ म पछि दिन्छु।|यो प्रश्नको जवाफ म पछि दिन्छु।
0229|सोरुम सडकको छेउमै छ, भेट्टाउन सजिलो हुन्छ।|सोरुम सडकको छेउमै छ, भेट्टाउन सजिलो हुन्छ।
0230|पहिलो पुल आइपुगेपछि हाम्रो सोरुम देख्नुहुन्छ।|पहिलो पुल आइपुगेपछि हाम्रो सोरुम देख्नुहुन्छ।
0231|ट्राफिक कम हुने बेला आउनुभयो भने छिटो पुग्नुहुन्छ।|ट्राफिक कम हुने बेला आउनुभयो भने छिटो पुग्नुहुन्छ।
0233|गाडी किन्नु अघि सबै कागजपत्र र अवस्था राम्ररी जाँच गरेर मात्र निर्णय गर्नुहोस्।|गाडी किन्नु अघि सबै कागजपत्र र अवस्था राम्ररी जाँच गरेर मात्र निर्णय गर्नुहोस्।
0234|तपाईंले चाहेको मोडेल अहिले उपलब्ध छैन भने हामी अर्को उपयुक्त विकल्प देखाउन सक्छौं।|तपाईंले चाहेको मोडेल अहिले उपलब्ध छैन भने हामी अर्को उपयुक्त विकल्प देखाउन सक्छौं।
0235|भुक्तानी, कागजपत्र र स्वामित्व सार्ने सबै काम हामी नै मिलाइदिन्छौं, तपाईंले चिन्ता लिनु पर्दैन।|भुक्तानी, कागजपत्र र स्वामित्व सार्ने सबै काम हामी नै मिलाइदिन्छौं, तपाईंले चिन्ता लिनु पर्दैन।
0236|तपाईंको समय र बजेट अनुसार हामी उपयुक्त समयमा भेट्ने मिलाउँछौं।|तपाईंको समय र बजेट अनुसार हामी उपयुक्त समयमा भेट्ने मिलाउँछौं।
0237|तपाईं होन्डा सिबी साइनको बारेमा सोध्नुभएको हो?|तपाईं होन्डा सिबी साइनको बारेमा सोध्नुभएको हो?
0238|तपाईंलाई होन्डा हर्नेटको बारेमा जानकारी चाहिएको हो?|तपाईंलाई होन्डा हर्नेटको बारेमा जानकारी चाहिएको हो?
0240|तपाईंले बजाज सिटी वान जिरोको बारेमा सोध्नुभएको हो?|तपाईंले बजाज सिटी वान जिरोको बारेमा सोध्नुभएको हो?
0241|तपाईं हिरो प्यासनको बारेमा जान्न चाहनुहुन्छ?|तपाईं हिरो प्यासनको बारेमा जान्न चाहनुहुन्छ?
0242|तपाईंलाई हिरो ग्ल्यामरको बारेमा जानकारी चाहिएको हो?|तपाईंलाई हिरो ग्ल्यामरको बारेमा जानकारी चाहिएको हो?
0243|तपाईं टीभीएस स्पोर्ट हेर्दै हुनुहुन्छ?|तपाईं टीभीएस स्पोर्ट हेर्दै हुनुहुन्छ?
0244|तपाईंले टीभीएस स्टार सिटीको बारेमा सोध्नुभएको हो?|तपाईंले टीभीएस स्टार सिटीको बारेमा सोध्नुभएको हो?
0245|तपाईं यामाहा क्रक्सको बारेमा सोध्दै हुनुहुन्छ?|तपाईं यामाहा क्रक्सको बारेमा सोध्दै हुनुहुन्छ?
0246|तपाईंलाई सुजुकी बर्गम्यानको बारेमा जानकारी चाहिएको हो?|तपाईंलाई सुजुकी बर्गम्यानको बारेमा जानकारी चाहिएको हो?
0248|तपाईंले अप्रिलिया एभिएटरको बारेमा सोध्नुभएको हो?|तपाईंले अप्रिलिया एभिएटरको बारेमा सोध्नुभएको हो?
0249|यो तपाईंको पहिलो गाडी हो?|यो तपाईंको पहिलो गाडी हो?
0251|तपाईं परिवारको लागि गाडी खोज्दै हुनुहुन्छ?|तपाईं परिवारको लागि गाडी खोज्दै हुनुहुन्छ?
0252|तपाईंलाई राम्रो माइलेज दिने गाडी चाहिएको हो?|तपाईंलाई राम्रो माइलेज दिने गाडी चाहिएको हो?
0253|तपाईंलाई हल्का गाडी चाहिएको हो कि अलि ठूलो?|तपाईंलाई हल्का गाडी चाहिएको हो कि अलि ठूलो?
0254|तपाईंलाई अटोम्याटिक गियर चाहिएको हो कि म्यानुअल?|तपाईंलाई अटोम्याटिक गियर चाहिएको हो कि म्यानुअल?
0255|तपाईं लामो दूरी यात्राको लागि गाडी खोज्दै हुनुहुन्छ?|तपाईं लामो दूरी यात्राको लागि गाडी खोज्दै हुनुहुन्छ?
0256|तपाईंलाई शहरभित्र चलाउनको लागि गाडी चाहिएको हो?|तपाईंलाई शहरभित्र चलाउनको लागि गाडी चाहिएको हो?
0257|तपाईं महिलाको लागि उपयुक्त स्कुटर खोज्दै हुनुहुन्छ?|तपाईं महिलाको लागि उपयुक्त स्कुटर खोज्दै हुनुहुन्छ?
0258|तपाईंलाई कति सीसीको गाडी मन पर्छ?|तपाईंलाई कति सीसीको गाडी मन पर्छ?
0259|तपाईंको नाम विनोद पौडेल हो, ठीक छ?|तपाईंको नाम विनोद पौडेल हो, ठीक छ?
0260|तपाईंको नाम मीना लामा हो, ठीक छ?|तपाईंको नाम मीना लामा हो, ठीक छ?
0261|तपाईंको नाम सन्तोष खड्का हो, ठीक छ?|तपाईंको नाम सन्तोष खड्का हो, ठीक छ?
0262|तपाईंको नाम गीता भण्डारी हो, ठीक छ?|तपाईंको नाम गीता भण्डारी हो, ठीक छ?
0263|तपाईंको नाम अशोक मगर हो, ठीक छ?|तपाईंको नाम अशोक मगर हो, ठीक छ?
0264|तपाईंको नाम पूजा श्रेष्ठ हो, ठीक छ?|तपाईंको नाम पूजा श्रेष्ठ हो, ठीक छ?
0265|तपाईंको नाम सुरेश यादव हो, ठीक छ?|तपाईंको नाम सुरेश यादव हो, ठीक छ?
0266|तपाईंको नाम कमला थापा हो, ठीक छ?|तपाईंको नाम कमला थापा हो, ठीक छ?
0267|तपाईंको नाम निरज बस्नेत हो, ठीक छ?|तपाईंको नाम निरज बस्नेत हो, ठीक छ?
0268|तपाईंको नाम रेखा गुरुङ हो, ठीक छ?|तपाईंको नाम रेखा गुरुङ हो, ठीक छ?
0269|तपाईंको नाम दिपेश शाही हो, ठीक छ?|तपाईंको नाम दिपेश शाही हो, ठीक छ?
0270|तपाईंको नाम सबिना खत्री हो, ठीक छ?|तपाईंको नाम सबिना खत्री हो, ठीक छ?
0271|तपाईंको नम्बर नौ आठ एक शून्य दुई तीन चार पाँच छ, ठीक छ?|तपाईंको नम्बर नौ आठ एक शून्य दुई तीन चार पाँच छ, ठीक छ?
0272|तपाईंको नम्बर नौ सात एक दुई तीन चार पाँच छ सात, ठीक छ?|तपाईंको नम्बर नौ सात एक दुई तीन चार पाँच छ सात, ठीक छ?
0273|तपाईंको नम्बर नौ छ चार तीन दुई एक शून्य पाँच सात, ठीक छ?|तपाईंको नम्बर नौ छ चार तीन दुई एक शून्य पाँच सात, ठीक छ?
0274|तपाईंको नम्बर नौ आठ छ पाँच चार तीन दुई एक शून्य, ठीक छ?|तपाईंको नम्बर नौ आठ छ पाँच चार तीन दुई एक शून्य, ठीक छ?
0275|अङ्क एकपटक फेरि बिस्तारै भन्नुहोस्।|अङ्क एकपटक फेरि बिस्तारै भन्नुहोस्।
0276|पहिलो चार अङ्क मात्र भन्नुहोस्।|पहिलो चार अङ्क मात्र भन्नुहोस्।
0277|बाँकी छ अङ्क अब भन्नुहोस्।|बाँकी छ अङ्क अब भन्नुहोस्।
0278|यो नम्बर घर वा अफिसको हो?|यो नम्बर घर वा अफिसको हो?
0279|यो तपाईंको मोबाइल नम्बर हो, ठीक छ?|यो तपाईंको मोबाइल नम्बर हो, ठीक छ?
0280|कुनै वैकल्पिक नम्बर छ भने पनि दिनुहोस्।|कुनै वैकल्पिक नम्बर छ भने पनि दिनुहोस्।
0281|नब्बे हजार रुपैयाँ।|नब्बे हजार रुपैयाँ।
0283|एक लाख पचास हजार रुपैयाँ।|एक लाख पचास हजार रुपैयाँ।
0284|दुई लाख रुपैयाँ।|दुई लाख रुपैयाँ।
0285|दुई लाख पचास हजार रुपैयाँ।|दुई लाख पचास हजार रुपैयाँ।
0286|तीन लाख रुपैयाँ।|तीन लाख रुपैयाँ।
0287|यसको सुरुवाती मूल्य एक लाख दश हजार रुपैयाँदेखि हो।|यसको सुरुवाती मूल्य एक लाख दश हजार रुपैयाँदेखि हो।
0288|यो मोडेलको मूल्य अवस्था हेरेर तय हुन्छ।|यो मोडेलको मूल्य अवस्था हेरेर तय हुन्छ।
0289|यो मूल्यमा दस्तावेज र स्वामित्व सार्ने खर्च पनि समावेश छ।|यो मूल्यमा दस्तावेज र स्वामित्व सार्ने खर्च पनि समावेश छ।
0290|मूल्यमा कुनै लुकेको शुल्क छैन।|मूल्यमा कुनै लुकेको शुल्क छैन।
0292|तपाईंको आवाज स्पष्ट सुनिँदैन।|तपाईंको आवाज स्पष्ट सुनिँदैन।
0294|लाइनमा नै रहनुहोस्, म अहिले भन्छु।|लाइनमा नै रहनुहोस्, म अहिले भन्छु।
0295|फोन बीचमा कट्यो भने म फेरि फोन गर्छु।|फोन बीचमा कट्यो भने म फेरि फोन गर्छु।
0297|तपाईं थोरै नजिकबाट बोल्नुहोस्।|तपाईं थोरै नजिकबाट बोल्नुहोस्।
0298|आवाज राम्रो आइरहेको छ, भन्नुहोस्।|आवाज राम्रो आइरहेको छ, भन्नुहोस्।
0300|शुक्रबार दिउँसो तपाईंलाई सजिलो हुन्छ?|शुक्रबार दिउँसो तपाईंलाई सजिलो हुन्छ?
0301|आजै साँझसम्म आउन सक्नुहुन्छ?|आजै साँझसम्म आउन सक्नुहुन्छ?
0302|अर्को हप्ता सुरुमा आउनुहोस्।|अर्को हप्ता सुरुमा आउनुहोस्।
0303|यो हप्ताको अन्त्यसम्म गाडी हेर्न आउनुहोस्।|यो हप्ताको अन्त्यसम्म गाडी हेर्न आउनुहोस्।
0304|समय मिलाएर एक घण्टा अघि फोन गर्नुहोस्।|समय मिलाएर एक घण्टा अघि फोन गर्नुहोस्।
0305|तपाईं आउनु अघि हामीलाई सम्झाइदिनुहोस्।|तपाईं आउनु अघि हामीलाई सम्झाइदिनुहोस्।
0306|हामी तपाईंको सुविधा अनुसार समय मिलाउँछौं।|हामी तपाईंको सुविधा अनुसार समय मिलाउँछौं।
0307|हाम्रो टिमले भोलि बिहान फोन गर्नेछ।|हाम्रो टिमले भोलि बिहान फोन गर्नेछ।
0308|हाम्रो टिमले आजै साँझसम्म फोन गर्नेछ।|हाम्रो टिमले आजै साँझसम्म फोन गर्नेछ।
0309|हाम्रो बिक्री टोलीले तपाईंलाई विस्तृत जानकारी दिनेछ।|हाम्रो बिक्री टोलीले तपाईंलाई विस्तृत जानकारी दिनेछ।
0310|यो जानकारी म हाम्रो व्यवस्थापकलाई पनि जानकारी गराउँछु।|यो जानकारी म हाम्रो व्यवस्थापकलाई पनि जानकारी गराउँछु।
0311|तपाईंको अनुरोध हामीले नोट गर्यौं, धन्यवाद।|तपाईंको अनुरोध हामीले नोट गर्यौं, धन्यवाद।
0313|तपाईंलाई अरु कुनै सहयोग चाहियो भने भन्नुहोस्।|तपाईंलाई अरु कुनै सहयोग चाहियो भने भन्नुहोस्।
0314|हाम्रो साथीले तपाईंलाई गाडीको फोटो पनि पठाउन सक्नुहुन्छ।|हाम्रो साथीले तपाईंलाई गाडीको फोटो पनि पठाउन सक्नुहुन्छ।
0315|तपाईंलाई लाग्यो भने अरु सोरुमसँग दाम दाँज्न सक्नुहुन्छ।|तपाईंलाई लाग्यो भने अरु सोरुमसँग दाम दाँज्न सक्नुहुन्छ।
0317|तपाईं आफैं गाडी जाँचेर मात्र निर्णय गर्नुहोस्।|तपाईं आफैं गाडी जाँचेर मात्र निर्णय गर्नुहोस्।
0318|तपाईंलाई हतार छैन भने पर्खेर पनि सोच्न सक्नुहुन्छ।|तपाईंलाई हतार छैन भने पर्खेर पनि सोच्न सक्नुहुन्छ।
0319|अलि कम बजेट भए पनि हामीसँग विकल्प छन्।|अलि कम बजेट भए पनि हामीसँग विकल्प छन्।
0320|तपाईंको बजेट भन्दा माथि गए पनि हामी विकल्प देखाउँछौं।|तपाईंको बजेट भन्दा माथि गए पनि हामी विकल्प देखाउँछौं।
0322|हामी तपाईंलाई हतारमा निर्णय गर्न भन्दैनौं।|हामी तपाईंलाई हतारमा निर्णय गर्न भन्दैनौं।
0323|हामी कुनै झूटो प्रतिज्ञा गर्दैनौं।|हामी कुनै झूटो प्रतिज्ञा गर्दैनौं।
0324|तपाईंलाई मन नपरे बिना कुनै दबाबमा जान सक्नुहुन्छ।|तपाईंलाई मन नपरे बिना कुनै दबाबमा जान सक्नुहुन्छ।
0326|हामी ग्राहकलाई सधैं साँचो कुरा भन्छौं।|हामी ग्राहकलाई सधैं साँचो कुरा भन्छौं।
0327|कुनै जानकारी नमिलेमा हामी माफी माग्छौं र सच्याउँछौं।|कुनै जानकारी नमिलेमा हामी माफी माग्छौं र सच्याउँछौं।
0328|तपाईंको समय दिनुभएकोमा धन्यवाद, हतार छैन।|तपाईंको समय दिनुभएकोमा धन्यवाद, हतार छैन।
0329|एभरेष्ट पेट्रोल पम्पको ठीक छेउमा हाम्रो सोरुम छ।|एभरेष्ट पेट्रोल पम्पको ठीक छेउमा हाम्रो सोरुम छ।
0330|बस चढेर आउनुभए एभरेष्ट पेट्रोल पम्प नजिकै झर्नुहोस्।|बस चढेर आउनुभए एभरेष्ट पेट्रोल पम्प नजिकै झर्नुहोस्।
0332|पहिलो पुलबाट सिधा हिँड्दा दुई मिनेटमा पुगिन्छ।|पहिलो पुलबाट सिधा हिँड्दा दुई मिनेटमा पुगिन्छ।
0333|ट्याक्सी लिनुभयो भने गोठाटार, पहिलो पुल भन्नुहोस्।|ट्याक्सी लिनुभयो भने गोठाटार, पहिलो पुल भन्नुहोस्।
0334|राति अबेर आउनुभयो भने पहिले फोन गर्नुहोस्।|राति अबेर आउनुभयो भने पहिले फोन गर्नुहोस्।
0335|तपाईंले खोज्नुभएको मोडेल, बजेट र आउने समय बताउनुभयो भने हामी सजिलै मिलाइदिन्छौं।|तपाईंले खोज्नुभएको मोडेल, बजेट र आउने समय बताउनुभयो भने हामी सजिलै मिलाइदिन्छौं।
0336|गाडी किन्दा वा बेच्दा दस्तावेज पूरा भए मात्र प्रक्रिया छिटो हुन्छ, त्यसैले सबै कागजात तयार राख्नुहोस्।|गाडी किन्दा वा बेच्दा दस्तावेज पूरा भए मात्र प्रक्रिया छिटो हुन्छ, त्यसैले सबै कागजात तयार राख्नुहोस्।
0338|तपाईंको गाडी बेच्ने हो भने कम्पनी, मोडेल, साल, किलोमिटर र अवस्था बताउनुभयो पुग्छ।|तपाईंको गाडी बेच्ने हो भने कम्पनी, मोडेल, साल, किलोमिटर र अवस्था बताउनुभयो पुग्छ।
0339|भुक्तानी नगद वा बैंक जुनसुकैबाट गर्न मिल्छ, तपाईंलाई जे सजिलो हुन्छ त्यही गर्नुहोस्।|भुक्तानी नगद वा बैंक जुनसुकैबाट गर्न मिल्छ, तपाईंलाई जे सजिलो हुन्छ त्यही गर्नुहोस्।
0342|तपाईंले दिनुभएको जानकारी हामीले नोट गर्यौं, हाम्रो साथीले चाँडै सम्पर्क गर्नुहुनेछ।|तपाईंले दिनुभएको जानकारी हामीले नोट गर्यौं, हाम्रो साथीले चाँडै सम्पर्क गर्नुहुनेछ।
0239|तपाईं बजाज डिस्कोभर हेर्दै हुनुहुन्छ?|तपाईं बजाज डिस्कोभर हेर्दै हुनुहुन्छ?
0282|एक लाख बीस हजार रुपैयाँ।|एक लाख बीस हजार रुपैयाँ।
0291|लाइनमा अलि आवाज खस्किएको छ, फेरि भन्नुहोस्।|लाइनमा अलि आवाज खस्किएको छ, फेरि भन्नुहोस्।
0293|नेटवर्क समस्या भएजस्तो छ, कृपया फेरि भन्नुहोस्।|नेटवर्क समस्या भएजस्तो छ, कृपया फेरि भन्नुहोस्।
0296|माफ गर्नुहोस्, अलि सोर बढेर सुनिनँ।|माफ गर्नुहोस्, अलि सोर बढेर सुनिनँ।
0299|बिहीबार तपाईंलाई मिल्छ?|बिहीबार तपाईंलाई मिल्छ?
0312|हामी तपाईंलाई एसएमएसमा पनि विवरण पठाउन सक्छौं।|हामी तपाईंलाई एसएमएसमा पनि विवरण पठाउन सक्छौं।
0321|हामीसँग किस्ताको सुविधा छैन, पूरा रकम नै तिर्नुपर्छ।|हामीसँग किस्ताको सुविधा छैन, पूरा रकम नै तिर्नुपर्छ।
0331|सोरुम अगाडि नै पार्किङको ठाउँ छ।|सोरुम अगाडि नै पार्किङको ठाउँ छ।
0337|हामीले हरेक गाडी बेच्नु अघि इन्जिन, ब्रेक र टायर राम्ररी जाँच गर्छौं, त्यसैले ढुक्क हुनुहोस्।|हामीले हरेक गाडी बेच्नु अघि इन्जिन, ब्रेक र टायर राम्ररी जाँच गर्छौं, त्यसैले ढुक्क हुनुहोस्।
0340|हामी तपाईंलाई हतार गर्दैनौं, राम्ररी जाँचेर मात्र निर्णय गर्नुहोस्।|हामी तपाईंलाई हतार गर्दैनौं, राम्ररी जाँचेर मात्र निर्णय गर्नुहोस्।
0341|कुनै समस्या भए हाम्रो टिमलाई फोन गर्नुहोस्, हामी सधैं सहयोग गर्न तयार छौं।|कुनै समस्या भए हाम्रो टिमलाई फोन गर्नुहोस्, हामी सधैं सहयोग गर्न तयार छौं।
0232|एभरेष्ट पेट्रोल पम्प नजिकैबाट सोरुम देखिन्छ।|एभरेष्ट पेट्रोल पम्प नजिकैबाट सोरुम देखिन्छ।
0247|तपाईं होन्डा ग्राजिया हेर्दै हुनुहुन्छ?|तपाईं होन्डा ग्राजिया हेर्दै हुनुहुन्छ?
0250|तपाईं दैनिक ओहोरदोहोरको लागि गाडी खोज्दै हुनुहुन्छ?|तपाईं दैनिक ओहोरदोहोरको लागि गाडी खोज्दै हुनुहुन्छ?
0316|हामी गुणस्तरमा कुनै सम्झौता गर्दैनौं, त्यसैले मूल्य उचित राख्छौं।|हामी गुणस्तरमा कुनै सम्झौता गर्दैनौं, त्यसैले मूल्य उचित राख्छौं।
0325|यो कुरा म पक्का नभई भन्दिन।|यो कुरा म पक्का नभई भन्दिन।
